{
  "linux/app/multivideoplayer": 0.9515502452850342,
  "linux/app/lvgl_demo": 0.978071928024292,
  "linux/app/qcamera": 1.2809269428253174,
  "linux/app-new/qfm": 0.6815533638000488,
  "linux/app/qplayer": 1.2538459300994873,
  "linux/app/QLauncher": 3.102260112762451,
  "linux/app/settings": 4.10752272605896,
  "linux/bsp/docs": 40.796236991882324,
  "linux/device/rockchip": 11.139349222183228,
  "linux/buildroot": 113.08677911758423,
  "linux/external/alsa-config": 3.418830633163452,
  "linux/external/camera_engine_rkisp": 9.580362319946289,
  "linux/external/common_algorithm": 54.540478467941284,
  "linux/drm-cursor": 1.7406673431396484,
  "linux/gstreamer-rockchip": 7.821542501449585,
  "linux/bsp/internal_doc": 110.0865911245346,
  "linux/linux-rga": 11.787978887557983,
  "rk/mpp": 11.063567638397217,
  "linux/external/chromium": 135.4829330444336,
  "linux/external/rk_pcba_test": 5.57544207572937,
  "linux/external/rkscript": 3.2139511108398438,
  "linux/external/rktoolkit": 1.3285646438598633,
  "linux/recovery": 17.889581441879272,
  "linux/external/rkupdate": 1.8507413864135742,
  "linux/external/rkwifibt-app": 3.829390048980713,
  "linux/external/rkwifibt": 16.053578853607178,
  "linux/rockchip-test": 16.183518648147583,
  "linux/security/bin": 3.0598092079162598,
  "rk/librkcrypto": 2.737372636795044,
  "linux/debian": 303.0109484195709,
  "linux/external/slt_gpu_light": 2.0160019397735596,
  "android/rk/platform/system/rk_tee_user": 33.233494997024536,
  "linux/xserver": 28.347785472869873,
  "linux/rockit": 45.48869609832764,
  "rk/prebuilts/gcc-arm-10.3-2021.07-x86_64-arm-none-linux-gnueabihf": 29.085179805755615,
  "rk/prebuilts/gcc-arm-10.3-2021.07-x86_64-aarch64-none-linux-gnu": 35.78774571418762,
  "rk/rkbin": 24.17443585395813,
  "android/rk/u-boot": 78.70346403121948,
  "linux/tools": 123.19778251647949,
  "linux/build": 69.5583930015564,
  "linux/poky": 121.39643868803978,
  "linux/yocto/meta-rockchip": 95.92009401321411,
  "linux/libmali": 446.23755288124084,
  "rk/kernel": 967.6410248279572
}